expiration,DTE,strike,option_type,openInterest
2026-08-21,1,90.0,CALL,71
2026-08-21,1,95.0,CALL,79
2026-08-21,1,100.0,CALL,164
2026-08-21,1,105.0,CALL,50
2026-08-21,1,110.0,CALL,415
2026-08-21,1,115.0,CALL,504
2026-08-21,1,120.0,CALL,27
2026-08-21,1,125.0,CALL,42
2026-08-21,1,130.0,CALL,326
2026-08-21,1,135.0,CALL,60
2026-08-21,1,140.0,CALL,213
2026-08-21,1,145.0,CALL,114
2026-08-21,1,148.0,CALL,2
2026-08-21,1,150.0,CALL,1487
2026-08-21,1,151.0,CALL,12
2026-08-21,1,152.0,CALL,203
2026-08-21,1,153.0,CALL,133
2026-08-21,1,154.0,CALL,271
2026-08-21,1,155.0,CALL,217
2026-08-21,1,156.0,CALL,66
2026-08-21,1,157.0,CALL,56
2026-08-21,1,157.5,CALL,54
2026-08-21,1,158.0,CALL,5
2026-08-21,1,159.0,CALL,15
2026-08-21,1,160.0,CALL,4200
2026-08-21,1,161.0,CALL,19
2026-08-21,1,162.0,CALL,581
2026-08-21,1,162.5,CALL,382
2026-08-21,1,163.0,CALL,107
2026-08-21,1,164.0,CALL,76
2026-08-21,1,165.0,CALL,6980
2026-08-21,1,166.0,CALL,76
2026-08-21,1,167.0,CALL,87
2026-08-21,1,167.5,CALL,701
2026-08-21,1,168.0,CALL,254
2026-08-21,1,169.0,CALL,176
2026-08-21,1,170.0,CALL,16733
2026-08-21,1,171.0,CALL,102
2026-08-21,1,172.0,CALL,276
2026-08-21,1,173.0,CALL,563
2026-08-21,1,174.0,CALL,2046
2026-08-21,1,175.0,CALL,3502
2026-08-21,1,176.0,CALL,576
2026-08-21,1,177.0,CALL,884
2026-08-21,1,178.0,CALL,125
2026-08-21,1,179.0,CALL,175
2026-08-21,1,180.0,CALL,11949
2026-08-21,1,181.0,CALL,168
2026-08-21,1,182.0,CALL,283
2026-08-21,1,183.0,CALL,253
2026-08-21,1,184.0,CALL,1623
2026-08-21,1,185.0,CALL,8069
2026-08-21,1,186.0,CALL,114
2026-08-21,1,187.0,CALL,2095
2026-08-21,1,188.0,CALL,435
2026-08-21,1,189.0,CALL,510
2026-08-21,1,190.0,CALL,11837
2026-08-21,1,191.0,CALL,1157
2026-08-21,1,192.0,CALL,939
2026-08-21,1,193.0,CALL,136
2026-08-21,1,194.0,CALL,110
2026-08-21,1,195.0,CALL,1513
2026-08-21,1,196.0,CALL,202
2026-08-21,1,197.0,CALL,104
2026-08-21,1,198.0,CALL,3175
2026-08-21,1,199.0,CALL,315
2026-08-21,1,200.0,CALL,8388
2026-08-21,1,205.0,CALL,4555
2026-08-21,1,210.0,CALL,11252
2026-08-21,1,215.0,CALL,2051
2026-08-21,1,220.0,CALL,33216
2026-08-21,1,225.0,CALL,841
2026-08-21,1,230.0,CALL,1159
2026-08-21,1,235.0,CALL,803
2026-08-21,1,240.0,CALL,6863
2026-08-21,1,245.0,CALL,8392
2026-08-21,1,250.0,CALL,3957
2026-08-21,1,255.0,CALL,663
2026-08-21,1,260.0,CALL,4529
2026-08-21,1,265.0,CALL,91
2026-08-21,1,270.0,CALL,1947
2026-08-21,1,275.0,CALL,473
2026-08-21,1,280.0,CALL,818
2026-08-21,1,285.0,CALL,219
2026-08-21,1,290.0,CALL,1220
2026-08-21,1,295.0,CALL,114
2026-08-21,1,300.0,CALL,1017
2026-08-21,1,305.0,CALL,10
2026-08-21,1,310.0,CALL,13
2026-08-21,1,315.0,CALL,17
2026-08-21,1,320.0,CALL,2250
2026-08-21,1,90.0,PUT,302
2026-08-21,1,95.0,PUT,535
2026-08-21,1,100.0,PUT,3672
2026-08-21,1,105.0,PUT,1941
2026-08-21,1,110.0,PUT,3255
2026-08-21,1,115.0,PUT,663
2026-08-21,1,120.0,PUT,54603
2026-08-21,1,125.0,PUT,20811
2026-08-21,1,130.0,PUT,6225
2026-08-21,1,135.0,PUT,2782
2026-08-21,1,140.0,PUT,28325
2026-08-21,1,141.0,PUT,100
2026-08-21,1,142.0,PUT,1
2026-08-21,1,143.0,PUT,3
2026-08-21,1,144.0,PUT,5
2026-08-21,1,145.0,PUT,4888
2026-08-21,1,146.0,PUT,97
2026-08-21,1,147.0,PUT,5
2026-08-21,1,148.0,PUT,104
2026-08-21,1,149.0,PUT,101
2026-08-21,1,150.0,PUT,36677
2026-08-21,1,151.0,PUT,1027
2026-08-21,1,152.0,PUT,3229
2026-08-21,1,153.0,PUT,1020
2026-08-21,1,154.0,PUT,3482
2026-08-21,1,155.0,PUT,5593
2026-08-21,1,156.0,PUT,1158
2026-08-21,1,157.0,PUT,173
2026-08-21,1,157.5,PUT,545
2026-08-21,1,158.0,PUT,1283
2026-08-21,1,159.0,PUT,438
2026-08-21,1,160.0,PUT,20096
2026-08-21,1,161.0,PUT,593
2026-08-21,1,162.0,PUT,487
2026-08-21,1,162.5,PUT,617
2026-08-21,1,163.0,PUT,701
2026-08-21,1,164.0,PUT,565
2026-08-21,1,165.0,PUT,6623
2026-08-21,1,166.0,PUT,253
2026-08-21,1,167.0,PUT,721
2026-08-21,1,167.5,PUT,622
2026-08-21,1,168.0,PUT,1090
2026-08-21,1,169.0,PUT,715
2026-08-21,1,170.0,PUT,16313
2026-08-21,1,171.0,PUT,513
2026-08-21,1,172.0,PUT,284
2026-08-21,1,173.0,PUT,212
2026-08-21,1,174.0,PUT,326
2026-08-21,1,175.0,PUT,5649
2026-08-21,1,176.0,PUT,129
2026-08-21,1,177.0,PUT,98
2026-08-21,1,178.0,PUT,343
2026-08-21,1,179.0,PUT,188
2026-08-21,1,180.0,PUT,4271
2026-08-21,1,181.0,PUT,18
2026-08-21,1,182.0,PUT,62
2026-08-21,1,183.0,PUT,12
2026-08-21,1,185.0,PUT,5159
2026-08-21,1,187.0,PUT,147
2026-08-21,1,188.0,PUT,379
2026-08-21,1,189.0,PUT,38
2026-08-21,1,190.0,PUT,3188
2026-08-21,1,191.0,PUT,8
2026-08-21,1,192.0,PUT,2
2026-08-21,1,193.0,PUT,34
2026-08-21,1,194.0,PUT,11
2026-08-21,1,195.0,PUT,185
2026-08-21,1,196.0,PUT,0
2026-08-21,1,197.0,PUT,0
2026-08-21,1,198.0,PUT,0
2026-08-21,1,199.0,PUT,0
2026-08-21,1,200.0,PUT,20
2026-08-21,1,205.0,PUT,0
2026-08-21,1,210.0,PUT,3
2026-08-21,1,215.0,PUT,0
2026-08-21,1,220.0,PUT,1
2026-08-21,1,225.0,PUT,8
2026-08-21,1,230.0,PUT,8
2026-08-21,1,235.0,PUT,0
2026-08-21,1,240.0,PUT,0
2026-08-21,1,245.0,PUT,0
2026-08-21,1,250.0,PUT,1
2026-08-21,1,255.0,PUT,0
2026-08-21,1,260.0,PUT,0
2026-08-21,1,265.0,PUT,0
2026-08-21,1,270.0,PUT,0
2026-08-21,1,280.0,PUT,0
2026-08-21,1,285.0,PUT,0
2026-08-21,1,295.0,PUT,0
2026-08-21,1,300.0,PUT,0
2026-08-21,1,305.0,PUT,0
2026-08-21,1,315.0,PUT,0
2026-08-21,1,320.0,PUT,0
2026-08-28,8,130.0,CALL,5
2026-08-28,8,135.0,CALL,1622
2026-08-28,8,139.0,CALL,20
2026-08-28,8,140.0,CALL,6
2026-08-28,8,144.0,CALL,3
2026-08-28,8,145.0,CALL,5
2026-08-28,8,150.0,CALL,111
2026-08-28,8,153.0,CALL,1
2026-08-28,8,154.0,CALL,1
2026-08-28,8,155.0,CALL,32
2026-08-28,8,156.0,CALL,189
2026-08-28,8,157.0,CALL,4
2026-08-28,8,157.5,CALL,1
2026-08-28,8,158.0,CALL,13
2026-08-28,8,159.0,CALL,3
2026-08-28,8,160.0,CALL,67
2026-08-28,8,161.0,CALL,5
2026-08-28,8,162.0,CALL,184
2026-08-28,8,162.5,CALL,210
2026-08-28,8,163.0,CALL,7
2026-08-28,8,164.0,CALL,17
2026-08-28,8,165.0,CALL,302
2026-08-28,8,166.0,CALL,58
2026-08-28,8,167.0,CALL,3
2026-08-28,8,167.5,CALL,21
2026-08-28,8,168.0,CALL,30
2026-08-28,8,169.0,CALL,53
2026-08-28,8,170.0,CALL,202
2026-08-28,8,171.0,CALL,937
2026-08-28,8,172.0,CALL,69
2026-08-28,8,172.5,CALL,243
2026-08-28,8,173.0,CALL,955
2026-08-28,8,174.0,CALL,44
2026-08-28,8,175.0,CALL,1074
2026-08-28,8,176.0,CALL,69
2026-08-28,8,177.0,CALL,57
2026-08-28,8,177.5,CALL,25
2026-08-28,8,178.0,CALL,32
2026-08-28,8,179.0,CALL,14
2026-08-28,8,180.0,CALL,1741
2026-08-28,8,181.0,CALL,10
2026-08-28,8,182.0,CALL,199
2026-08-28,8,182.5,CALL,676
2026-08-28,8,183.0,CALL,68
2026-08-28,8,184.0,CALL,2254
2026-08-28,8,185.0,CALL,826
2026-08-28,8,186.0,CALL,380
2026-08-28,8,187.0,CALL,2494
2026-08-28,8,187.5,CALL,35
2026-08-28,8,188.0,CALL,733
2026-08-28,8,189.0,CALL,13
2026-08-28,8,190.0,CALL,2235
2026-08-28,8,191.0,CALL,1007
2026-08-28,8,192.0,CALL,16
2026-08-28,8,192.5,CALL,85
2026-08-28,8,193.0,CALL,13
2026-08-28,8,194.0,CALL,35
2026-08-28,8,195.0,CALL,1030
2026-08-28,8,196.0,CALL,410
2026-08-28,8,200.0,CALL,5044
2026-08-28,8,202.5,CALL,40
2026-08-28,8,205.0,CALL,139
2026-08-28,8,210.0,CALL,345
2026-08-28,8,215.0,CALL,122
2026-08-28,8,220.0,CALL,140
2026-08-28,8,225.0,CALL,3
2026-08-28,8,230.0,CALL,6
2026-08-28,8,235.0,CALL,13
2026-08-28,8,240.0,CALL,1
2026-08-28,8,245.0,CALL,2
2026-08-28,8,250.0,CALL,1
2026-08-28,8,100.0,PUT,13
2026-08-28,8,105.0,PUT,2518
2026-08-28,8,110.0,PUT,51
2026-08-28,8,115.0,PUT,1454
2026-08-28,8,120.0,PUT,954
2026-08-28,8,125.0,PUT,253
2026-08-28,8,130.0,PUT,291
2026-08-28,8,135.0,PUT,2275
2026-08-28,8,136.0,PUT,28
2026-08-28,8,137.0,PUT,4
2026-08-28,8,138.0,PUT,25
2026-08-28,8,139.0,PUT,66
2026-08-28,8,140.0,PUT,745
2026-08-28,8,141.0,PUT,7
2026-08-28,8,142.0,PUT,21
2026-08-28,8,143.0,PUT,28
2026-08-28,8,144.0,PUT,15
2026-08-28,8,145.0,PUT,1424
2026-08-28,8,146.0,PUT,40
2026-08-28,8,147.0,PUT,44
2026-08-28,8,147.5,PUT,523
2026-08-28,8,148.0,PUT,31
2026-08-28,8,148.5,PUT,594
2026-08-28,8,149.0,PUT,509
2026-08-28,8,150.0,PUT,1808
2026-08-28,8,151.0,PUT,526
2026-08-28,8,152.0,PUT,592
2026-08-28,8,152.5,PUT,537
2026-08-28,8,153.0,PUT,588
2026-08-28,8,154.0,PUT,26
2026-08-28,8,155.0,PUT,528
2026-08-28,8,156.0,PUT,69
2026-08-28,8,157.0,PUT,32
2026-08-28,8,157.5,PUT,519
2026-08-28,8,158.0,PUT,619
2026-08-28,8,159.0,PUT,511
2026-08-28,8,160.0,PUT,7363
2026-08-28,8,161.0,PUT,3
2026-08-28,8,162.0,PUT,81
2026-08-28,8,162.5,PUT,33
2026-08-28,8,163.0,PUT,32
2026-08-28,8,164.0,PUT,624
2026-08-28,8,165.0,PUT,395
2026-08-28,8,166.0,PUT,134
2026-08-28,8,167.0,PUT,10
2026-08-28,8,167.5,PUT,22
2026-08-28,8,168.0,PUT,29
2026-08-28,8,169.0,PUT,151
2026-08-28,8,170.0,PUT,2742
2026-08-28,8,171.0,PUT,170
2026-08-28,8,172.0,PUT,11
2026-08-28,8,172.5,PUT,27
2026-08-28,8,173.0,PUT,26
2026-08-28,8,174.0,PUT,177
2026-08-28,8,175.0,PUT,1775
2026-08-28,8,176.0,PUT,137
2026-08-28,8,177.0,PUT,4
2026-08-28,8,177.5,PUT,10
2026-08-28,8,178.0,PUT,174
2026-08-28,8,179.0,PUT,221
2026-08-28,8,180.0,PUT,554
2026-08-28,8,181.0,PUT,7
2026-08-28,8,182.0,PUT,61
2026-08-28,8,182.5,PUT,501
2026-08-28,8,183.0,PUT,195
2026-08-28,8,184.0,PUT,2
2026-08-28,8,185.0,PUT,283
2026-08-28,8,190.0,PUT,62
2026-08-28,8,192.0,PUT,0
2026-08-28,8,192.5,PUT,1
2026-08-28,8,193.0,PUT,0
2026-08-28,8,195.0,PUT,10
2026-08-28,8,200.0,PUT,13
2026-08-28,8,202.5,PUT,13
2026-09-04,15,130.0,CALL,10
2026-09-04,15,145.0,CALL,30
2026-09-04,15,150.0,CALL,11
2026-09-04,15,151.0,CALL,17
2026-09-04,15,152.0,CALL,1
2026-09-04,15,152.5,CALL,2
2026-09-04,15,154.0,CALL,43
2026-09-04,15,155.0,CALL,99
2026-09-04,15,156.0,CALL,29
2026-09-04,15,157.0,CALL,41
2026-09-04,15,157.5,CALL,57
2026-09-04,15,158.0,CALL,27
2026-09-04,15,159.0,CALL,71
2026-09-04,15,160.0,CALL,253
2026-09-04,15,161.0,CALL,57
2026-09-04,15,162.0,CALL,24
2026-09-04,15,162.5,CALL,4
2026-09-04,15,163.0,CALL,14
2026-09-04,15,164.0,CALL,5
2026-09-04,15,165.0,CALL,450
2026-09-04,15,166.0,CALL,1
2026-09-04,15,167.0,CALL,5
2026-09-04,15,167.5,CALL,5
2026-09-04,15,168.0,CALL,478
2026-09-04,15,169.0,CALL,41
2026-09-04,15,170.0,CALL,589
2026-09-04,15,171.0,CALL,28
2026-09-04,15,172.0,CALL,18
2026-09-04,15,172.5,CALL,28
2026-09-04,15,173.0,CALL,16
2026-09-04,15,174.0,CALL,19
2026-09-04,15,175.0,CALL,111
2026-09-04,15,176.0,CALL,3
2026-09-04,15,177.0,CALL,21
2026-09-04,15,177.5,CALL,26
2026-09-04,15,178.0,CALL,25
2026-09-04,15,179.0,CALL,211
2026-09-04,15,180.0,CALL,58
2026-09-04,15,181.0,CALL,24
2026-09-04,15,182.0,CALL,27
2026-09-04,15,182.5,CALL,31
2026-09-04,15,183.0,CALL,379
2026-09-04,15,184.0,CALL,1122
2026-09-04,15,185.0,CALL,61
2026-09-04,15,186.0,CALL,360
2026-09-04,15,187.0,CALL,160
2026-09-04,15,188.0,CALL,25
2026-09-04,15,189.0,CALL,12
2026-09-04,15,190.0,CALL,907
2026-09-04,15,191.0,CALL,3
2026-09-04,15,192.0,CALL,5
2026-09-04,15,193.0,CALL,251
2026-09-04,15,194.0,CALL,66
2026-09-04,15,195.0,CALL,158
2026-09-04,15,196.0,CALL,26
2026-09-04,15,200.0,CALL,54
2026-09-04,15,205.0,CALL,28
2026-09-04,15,210.0,CALL,41
2026-09-04,15,215.0,CALL,30
2026-09-04,15,220.0,CALL,77
2026-09-04,15,225.0,CALL,29
2026-09-04,15,230.0,CALL,14
2026-09-04,15,235.0,CALL,38
2026-09-04,15,240.0,CALL,102
2026-09-04,15,245.0,CALL,5
2026-09-04,15,250.0,CALL,3
2026-09-04,15,255.0,CALL,3
2026-09-04,15,260.0,CALL,5
2026-09-04,15,95.0,PUT,7
2026-09-04,15,100.0,PUT,7
2026-09-04,15,105.0,PUT,34
2026-09-04,15,110.0,PUT,28
2026-09-04,15,115.0,PUT,587
2026-09-04,15,120.0,PUT,1174
2026-09-04,15,125.0,PUT,1201
2026-09-04,15,130.0,PUT,571
2026-09-04,15,135.0,PUT,85
2026-09-04,15,136.0,PUT,1
2026-09-04,15,137.0,PUT,0
2026-09-04,15,139.0,PUT,3
2026-09-04,15,140.0,PUT,154
2026-09-04,15,141.0,PUT,3
2026-09-04,15,142.0,PUT,3
2026-09-04,15,145.0,PUT,159
2026-09-04,15,146.0,PUT,2
2026-09-04,15,147.0,PUT,10
2026-09-04,15,147.5,PUT,3
2026-09-04,15,148.0,PUT,9
2026-09-04,15,148.5,PUT,6
2026-09-04,15,150.0,PUT,218
2026-09-04,15,151.0,PUT,5
2026-09-04,15,152.0,PUT,23
2026-09-04,15,152.5,PUT,1
2026-09-04,15,153.0,PUT,8
2026-09-04,15,154.0,PUT,3
2026-09-04,15,155.0,PUT,739
2026-09-04,15,156.0,PUT,2
2026-09-04,15,157.0,PUT,215
2026-09-04,15,157.5,PUT,17
2026-09-04,15,158.0,PUT,19
2026-09-04,15,159.0,PUT,6
2026-09-04,15,160.0,PUT,230
2026-09-04,15,161.0,PUT,6645
2026-09-04,15,162.0,PUT,79
2026-09-04,15,162.5,PUT,19
2026-09-04,15,163.0,PUT,8
2026-09-04,15,164.0,PUT,92
2026-09-04,15,165.0,PUT,1089
2026-09-04,15,166.0,PUT,3
2026-09-04,15,167.0,PUT,206
2026-09-04,15,167.5,PUT,9
2026-09-04,15,168.0,PUT,16
2026-09-04,15,170.0,PUT,1052
2026-09-04,15,171.0,PUT,37
2026-09-04,15,172.0,PUT,75
2026-09-04,15,172.5,PUT,4
2026-09-04,15,173.0,PUT,17
2026-09-04,15,175.0,PUT,61
2026-09-04,15,178.0,PUT,76
2026-09-04,15,179.0,PUT,31
2026-09-04,15,180.0,PUT,41
2026-09-04,15,182.0,PUT,6
2026-09-04,15,182.5,PUT,2
2026-09-04,15,183.0,PUT,7
2026-09-04,15,184.0,PUT,145
2026-09-04,15,185.0,PUT,52
2026-09-04,15,188.0,PUT,3
2026-09-04,15,190.0,PUT,6
2026-09-04,15,245.0,PUT,0
2026-09-11,22,136.0,CALL,8
2026-09-11,22,145.0,CALL,10
2026-09-11,22,146.0,CALL,6
2026-09-11,22,154.0,CALL,23
2026-09-11,22,155.0,CALL,1
2026-09-11,22,158.0,CALL,1
2026-09-11,22,159.0,CALL,2
2026-09-11,22,160.0,CALL,4
2026-09-11,22,161.0,CALL,4
2026-09-11,22,162.5,CALL,1
2026-09-11,22,164.0,CALL,2
2026-09-11,22,165.0,CALL,505
2026-09-11,22,168.0,CALL,39
2026-09-11,22,170.0,CALL,11
2026-09-11,22,171.0,CALL,3
2026-09-11,22,175.0,CALL,136
2026-09-11,22,178.0,CALL,16
2026-09-11,22,179.0,CALL,1
2026-09-11,22,180.0,CALL,4271
2026-09-11,22,181.0,CALL,2
2026-09-11,22,182.0,CALL,4
2026-09-11,22,183.0,CALL,3
2026-09-11,22,184.0,CALL,2
2026-09-11,22,185.0,CALL,464
2026-09-11,22,188.0,CALL,20
2026-09-11,22,189.0,CALL,49
2026-09-11,22,190.0,CALL,549
2026-09-11,22,195.0,CALL,99
2026-09-11,22,200.0,CALL,2642
2026-09-11,22,205.0,CALL,77
2026-09-11,22,210.0,CALL,3
2026-09-11,22,220.0,CALL,13
2026-09-11,22,240.0,CALL,1
2026-09-11,22,95.0,PUT,1
2026-09-11,22,105.0,PUT,35
2026-09-11,22,110.0,PUT,1
2026-09-11,22,115.0,PUT,12
2026-09-11,22,120.0,PUT,8
2026-09-11,22,125.0,PUT,36
2026-09-11,22,130.0,PUT,190
2026-09-11,22,135.0,PUT,95
2026-09-11,22,136.0,PUT,14
2026-09-11,22,137.0,PUT,1
2026-09-11,22,138.0,PUT,2
2026-09-11,22,139.0,PUT,3
2026-09-11,22,140.0,PUT,78
2026-09-11,22,141.0,PUT,2
2026-09-11,22,142.0,PUT,5
2026-09-11,22,143.0,PUT,2
2026-09-11,22,144.0,PUT,2
2026-09-11,22,145.0,PUT,39
2026-09-11,22,146.0,PUT,2
2026-09-11,22,148.0,PUT,28
2026-09-11,22,149.0,PUT,3
2026-09-11,22,149.5,PUT,6
2026-09-11,22,150.0,PUT,61
2026-09-11,22,151.0,PUT,13
2026-09-11,22,152.0,PUT,35
2026-09-11,22,152.5,PUT,3
2026-09-11,22,153.0,PUT,2
2026-09-11,22,154.0,PUT,13
2026-09-11,22,155.0,PUT,387
2026-09-11,22,156.0,PUT,46
2026-09-11,22,157.0,PUT,19
2026-09-11,22,157.5,PUT,3
2026-09-11,22,158.0,PUT,3
2026-09-11,22,160.0,PUT,460
2026-09-11,22,161.0,PUT,7
2026-09-11,22,162.0,PUT,3
2026-09-11,22,162.5,PUT,3
2026-09-11,22,163.0,PUT,3
2026-09-11,22,164.0,PUT,9
2026-09-11,22,165.0,PUT,528
2026-09-11,22,166.0,PUT,15
2026-09-11,22,167.0,PUT,4
2026-09-11,22,170.0,PUT,10
2026-09-11,22,173.0,PUT,38
2026-09-11,22,174.0,PUT,1
2026-09-11,22,175.0,PUT,15
2026-09-11,22,177.0,PUT,1
2026-09-11,22,180.0,PUT,59
2026-09-11,22,181.0,PUT,37
2026-09-11,22,185.0,PUT,33
2026-09-11,22,188.0,PUT,2
2026-09-11,22,195.0,PUT,6
2026-09-11,22,200.0,PUT,2
2026-09-11,22,205.0,PUT,1
2026-09-18,29,90.0,CALL,184
2026-09-18,29,100.0,CALL,638
2026-09-18,29,110.0,CALL,704
2026-09-18,29,115.0,CALL,204
2026-09-18,29,120.0,CALL,64
2026-09-18,29,125.0,CALL,31
2026-09-18,29,130.0,CALL,11
2026-09-18,29,135.0,CALL,2
2026-09-18,29,140.0,CALL,5
2026-09-18,29,145.0,CALL,60
2026-09-18,29,150.0,CALL,1253
2026-09-18,29,155.0,CALL,85
2026-09-18,29,160.0,CALL,6288
2026-09-18,29,161.0,CALL,44
2026-09-18,29,162.0,CALL,15
2026-09-18,29,163.0,CALL,79
2026-09-18,29,164.0,CALL,253
2026-09-18,29,165.0,CALL,456
2026-09-18,29,166.0,CALL,10
2026-09-18,29,167.0,CALL,238
2026-09-18,29,168.0,CALL,134
2026-09-18,29,169.0,CALL,56
2026-09-18,29,170.0,CALL,12628
2026-09-18,29,171.0,CALL,77
2026-09-18,29,172.0,CALL,196
2026-09-18,29,173.0,CALL,66
2026-09-18,29,174.0,CALL,125
2026-09-18,29,175.0,CALL,10524
2026-09-18,29,176.0,CALL,2835
2026-09-18,29,177.0,CALL,641
2026-09-18,29,178.0,CALL,30
2026-09-18,29,179.0,CALL,165
2026-09-18,29,180.0,CALL,33708
2026-09-18,29,181.0,CALL,120
2026-09-18,29,182.0,CALL,3585
2026-09-18,29,183.0,CALL,1654
2026-09-18,29,184.0,CALL,175
2026-09-18,29,185.0,CALL,1525
2026-09-18,29,186.0,CALL,958
2026-09-18,29,187.0,CALL,247
2026-09-18,29,188.0,CALL,393
2026-09-18,29,189.0,CALL,192
2026-09-18,29,190.0,CALL,11061
2026-09-18,29,195.0,CALL,11256
2026-09-18,29,200.0,CALL,29965
2026-09-18,29,205.0,CALL,5644
2026-09-18,29,210.0,CALL,20280
2026-09-18,29,215.0,CALL,7852
2026-09-18,29,220.0,CALL,4024
2026-09-18,29,225.0,CALL,770
2026-09-18,29,230.0,CALL,452
2026-09-18,29,235.0,CALL,31
2026-09-18,29,240.0,CALL,2695
2026-09-18,29,245.0,CALL,528
2026-09-18,29,250.0,CALL,655
2026-09-18,29,255.0,CALL,316
2026-09-18,29,260.0,CALL,78
2026-09-18,29,265.0,CALL,12
2026-09-18,29,270.0,CALL,71
2026-09-18,29,275.0,CALL,48
2026-09-18,29,85.0,PUT,7
2026-09-18,29,90.0,PUT,1118
2026-09-18,29,95.0,PUT,237
2026-09-18,29,100.0,PUT,355
2026-09-18,29,105.0,PUT,653
2026-09-18,29,110.0,PUT,1372
2026-09-18,29,115.0,PUT,621
2026-09-18,29,120.0,PUT,2162
2026-09-18,29,125.0,PUT,392
2026-09-18,29,130.0,PUT,371
2026-09-18,29,135.0,PUT,429
2026-09-18,29,140.0,PUT,2875
2026-09-18,29,145.0,PUT,3178
2026-09-18,29,150.0,PUT,4987
2026-09-18,29,155.0,PUT,2200
2026-09-18,29,160.0,PUT,10959
2026-09-18,29,161.0,PUT,26
2026-09-18,29,162.0,PUT,306
2026-09-18,29,163.0,PUT,843
2026-09-18,29,164.0,PUT,548
2026-09-18,29,165.0,PUT,1162
2026-09-18,29,166.0,PUT,238
2026-09-18,29,167.0,PUT,623
2026-09-18,29,168.0,PUT,264
2026-09-18,29,169.0,PUT,253
2026-09-18,29,170.0,PUT,11152
2026-09-18,29,171.0,PUT,222
2026-09-18,29,172.0,PUT,629
2026-09-18,29,173.0,PUT,141
2026-09-18,29,174.0,PUT,228
2026-09-18,29,175.0,PUT,1624
2026-09-18,29,176.0,PUT,211
2026-09-18,29,177.0,PUT,34
2026-09-18,29,178.0,PUT,80
2026-09-18,29,179.0,PUT,169
2026-09-18,29,180.0,PUT,153
2026-09-18,29,181.0,PUT,348
2026-09-18,29,182.0,PUT,43
2026-09-18,29,184.0,PUT,2
2026-09-18,29,185.0,PUT,845
2026-09-18,29,186.0,PUT,70
2026-09-18,29,188.0,PUT,61
2026-09-18,29,189.0,PUT,95
2026-09-18,29,190.0,PUT,201
2026-09-18,29,195.0,PUT,34
2026-09-18,29,200.0,PUT,17
2026-09-18,29,205.0,PUT,123
2026-09-18,29,210.0,PUT,37
2026-09-18,29,215.0,PUT,17
2026-09-18,29,220.0,PUT,8
2026-09-18,29,225.0,PUT,24
2026-09-18,29,230.0,PUT,3
2026-09-18,29,235.0,PUT,4
2026-09-18,29,240.0,PUT,2
2026-09-18,29,260.0,PUT,0
2026-09-25,36,157.0,CALL,3
2026-09-25,36,160.0,CALL,1
2026-09-25,36,161.0,CALL,2
2026-09-25,36,162.0,CALL,0
2026-09-25,36,162.5,CALL,1
2026-09-25,36,165.0,CALL,1
2026-09-25,36,168.0,CALL,1
2026-09-25,36,170.0,CALL,14
2026-09-25,36,171.0,CALL,33
2026-09-25,36,172.0,CALL,2
2026-09-25,36,172.5,CALL,3
2026-09-25,36,173.0,CALL,1
2026-09-25,36,175.0,CALL,3
2026-09-25,36,176.0,CALL,11
2026-09-25,36,178.0,CALL,5
2026-09-25,36,179.0,CALL,2
2026-09-25,36,180.0,CALL,608
2026-09-25,36,181.0,CALL,1
2026-09-25,36,182.0,CALL,4
2026-09-25,36,183.0,CALL,10
2026-09-25,36,185.0,CALL,6
2026-09-25,36,187.5,CALL,31
2026-09-25,36,190.0,CALL,18
2026-09-25,36,195.0,CALL,1275
2026-09-25,36,200.0,CALL,20
2026-09-25,36,220.0,CALL,164
2026-09-25,36,225.0,CALL,13
2026-09-25,36,230.0,CALL,11
2026-09-25,36,240.0,CALL,1
2026-09-25,36,95.0,PUT,7
2026-09-25,36,100.0,PUT,154
2026-09-25,36,105.0,PUT,300
2026-09-25,36,110.0,PUT,204
2026-09-25,36,120.0,PUT,5
2026-09-25,36,125.0,PUT,54
2026-09-25,36,130.0,PUT,8
2026-09-25,36,135.0,PUT,3
2026-09-25,36,140.0,PUT,430
2026-09-25,36,145.0,PUT,73
2026-09-25,36,150.0,PUT,28
2026-09-25,36,155.0,PUT,14
2026-09-25,36,156.0,PUT,12
2026-09-25,36,157.0,PUT,3
2026-09-25,36,160.0,PUT,33
2026-09-25,36,162.0,PUT,17
2026-09-25,36,162.5,PUT,2
2026-09-25,36,164.0,PUT,3
2026-09-25,36,165.0,PUT,16
2026-09-25,36,170.0,PUT,14
2026-09-25,36,172.5,PUT,1
2026-09-25,36,175.0,PUT,4
2026-09-25,36,180.0,PUT,2
2026-09-25,36,183.0,PUT,93
2026-09-25,36,186.0,PUT,4
2026-09-25,36,187.5,PUT,1
2026-09-25,36,190.0,PUT,4
2026-10-02,43,160.0,CALL,1
2026-10-02,43,175.0,CALL,1
2026-10-02,43,181.0,CALL,3
2026-10-02,43,185.0,CALL,1
2026-10-02,43,200.0,CALL,19
2026-10-02,43,125.0,PUT,1
2026-10-02,43,130.0,PUT,11
2026-10-02,43,155.0,PUT,7
2026-10-02,43,160.0,PUT,14
2026-10-02,43,165.0,PUT,31
2026-10-02,43,174.0,PUT,5
2026-10-02,43,175.0,PUT,19
2026-10-02,43,181.0,PUT,2
2026-10-16,57,65.0,CALL,24
2026-10-16,57,70.0,CALL,104
2026-10-16,57,75.0,CALL,57
2026-10-16,57,80.0,CALL,22
2026-10-16,57,85.0,CALL,36
2026-10-16,57,90.0,CALL,46
2026-10-16,57,95.0,CALL,430
2026-10-16,57,100.0,CALL,45
2026-10-16,57,105.0,CALL,197
2026-10-16,57,110.0,CALL,572
2026-10-16,57,115.0,CALL,31
2026-10-16,57,118.0,CALL,171
2026-10-16,57,119.0,CALL,99
2026-10-16,57,120.0,CALL,32
2026-10-16,57,121.0,CALL,10
2026-10-16,57,122.0,CALL,5
2026-10-16,57,123.0,CALL,8
2026-10-16,57,124.0,CALL,3
2026-10-16,57,125.0,CALL,41
2026-10-16,57,126.0,CALL,90
2026-10-16,57,127.0,CALL,27
2026-10-16,57,128.0,CALL,66
2026-10-16,57,129.0,CALL,125
2026-10-16,57,130.0,CALL,237
2026-10-16,57,131.0,CALL,42
2026-10-16,57,132.0,CALL,16
2026-10-16,57,133.0,CALL,134
2026-10-16,57,134.0,CALL,75
2026-10-16,57,135.0,CALL,47
2026-10-16,57,136.0,CALL,114
2026-10-16,57,137.0,CALL,436
2026-10-16,57,138.0,CALL,103
2026-10-16,57,139.0,CALL,133
2026-10-16,57,140.0,CALL,589
2026-10-16,57,141.0,CALL,150
2026-10-16,57,142.0,CALL,0
2026-10-16,57,143.0,CALL,47
2026-10-16,57,144.0,CALL,98
2026-10-16,57,145.0,CALL,403
2026-10-16,57,146.0,CALL,72
2026-10-16,57,150.0,CALL,447
2026-10-16,57,155.0,CALL,373
2026-10-16,57,160.0,CALL,2341
2026-10-16,57,165.0,CALL,8752
2026-10-16,57,170.0,CALL,2841
2026-10-16,57,175.0,CALL,961
2026-10-16,57,180.0,CALL,11162
2026-10-16,57,185.0,CALL,844
2026-10-16,57,190.0,CALL,14926
2026-10-16,57,195.0,CALL,2664
2026-10-16,57,200.0,CALL,5938
2026-10-16,57,205.0,CALL,605
2026-10-16,57,210.0,CALL,2303
2026-10-16,57,215.0,CALL,636
2026-10-16,57,220.0,CALL,15316
2026-10-16,57,225.0,CALL,804
2026-10-16,57,230.0,CALL,2193
2026-10-16,57,235.0,CALL,183
2026-10-16,57,240.0,CALL,1522
2026-10-16,57,245.0,CALL,633
2026-10-16,57,250.0,CALL,735
2026-10-16,57,255.0,CALL,1832
2026-10-16,57,260.0,CALL,258
2026-10-16,57,265.0,CALL,173
2026-10-16,57,270.0,CALL,349
2026-10-16,57,275.0,CALL,289
2026-10-16,57,280.0,CALL,90
2026-10-16,57,285.0,CALL,167
2026-10-16,57,290.0,CALL,66
2026-10-16,57,295.0,CALL,72
2026-10-16,57,300.0,CALL,73
2026-10-16,57,305.0,CALL,24
2026-10-16,57,310.0,CALL,33
2026-10-16,57,315.0,CALL,123
2026-10-16,57,320.0,CALL,1388
2026-10-16,57,65.0,PUT,178
2026-10-16,57,70.0,PUT,132
2026-10-16,57,75.0,PUT,153
2026-10-16,57,80.0,PUT,139
2026-10-16,57,85.0,PUT,287
2026-10-16,57,90.0,PUT,1372
2026-10-16,57,95.0,PUT,74
2026-10-16,57,100.0,PUT,1969
2026-10-16,57,105.0,PUT,1993
2026-10-16,57,110.0,PUT,286
2026-10-16,57,115.0,PUT,285
2026-10-16,57,118.0,PUT,19
2026-10-16,57,119.0,PUT,37
2026-10-16,57,120.0,PUT,11274
2026-10-16,57,121.0,PUT,436
2026-10-16,57,122.0,PUT,13
2026-10-16,57,123.0,PUT,39
2026-10-16,57,124.0,PUT,8
2026-10-16,57,125.0,PUT,2363
2026-10-16,57,126.0,PUT,146
2026-10-16,57,127.0,PUT,50
2026-10-16,57,128.0,PUT,34
2026-10-16,57,129.0,PUT,177
2026-10-16,57,130.0,PUT,14389
2026-10-16,57,131.0,PUT,778
2026-10-16,57,132.0,PUT,162
2026-10-16,57,133.0,PUT,64
2026-10-16,57,134.0,PUT,299
2026-10-16,57,135.0,PUT,1544
2026-10-16,57,136.0,PUT,671
2026-10-16,57,137.0,PUT,55
2026-10-16,57,138.0,PUT,170
2026-10-16,57,139.0,PUT,143
2026-10-16,57,140.0,PUT,7292
2026-10-16,57,141.0,PUT,152
2026-10-16,57,142.0,PUT,158
2026-10-16,57,143.0,PUT,194
2026-10-16,57,144.0,PUT,50
2026-10-16,57,145.0,PUT,1970
2026-10-16,57,146.0,PUT,389
2026-10-16,57,150.0,PUT,20074
2026-10-16,57,155.0,PUT,815
2026-10-16,57,160.0,PUT,5228
2026-10-16,57,165.0,PUT,657
2026-10-16,57,170.0,PUT,2731
2026-10-16,57,175.0,PUT,1627
2026-10-16,57,180.0,PUT,2971
2026-10-16,57,185.0,PUT,465
2026-10-16,57,190.0,PUT,1410
2026-10-16,57,195.0,PUT,623
2026-10-16,57,200.0,PUT,4574
2026-10-16,57,205.0,PUT,659
2026-10-16,57,210.0,PUT,450
2026-10-16,57,215.0,PUT,2214
2026-10-16,57,220.0,PUT,325
2026-10-16,57,225.0,PUT,158
2026-10-16,57,230.0,PUT,417
2026-10-16,57,235.0,PUT,4001
2026-10-16,57,240.0,PUT,73
2026-10-16,57,245.0,PUT,8
2026-10-16,57,250.0,PUT,1
2026-10-16,57,260.0,PUT,0
2026-10-16,57,270.0,PUT,2
2026-10-16,57,275.0,PUT,0
2026-10-16,57,280.0,PUT,0
2026-10-16,57,285.0,PUT,0
2026-10-16,57,290.0,PUT,0
2026-10-16,57,300.0,PUT,0
2026-11-20,92,80.0,CALL,4
2026-11-20,92,85.0,CALL,159
2026-11-20,92,100.0,CALL,387
2026-11-20,92,135.0,CALL,28
2026-11-20,92,145.0,CALL,185
2026-11-20,92,150.0,CALL,126
2026-11-20,92,155.0,CALL,90
2026-11-20,92,160.0,CALL,1519
2026-11-20,92,165.0,CALL,2515
2026-11-20,92,170.0,CALL,562
2026-11-20,92,175.0,CALL,33
2026-11-20,92,180.0,CALL,247
2026-11-20,92,185.0,CALL,927
2026-11-20,92,190.0,CALL,293
2026-11-20,92,195.0,CALL,813
2026-11-20,92,200.0,CALL,415
2026-11-20,92,205.0,CALL,85
2026-11-20,92,210.0,CALL,112
2026-11-20,92,215.0,CALL,8
2026-11-20,92,220.0,CALL,1492
2026-11-20,92,225.0,CALL,49
2026-11-20,92,230.0,CALL,101
2026-11-20,92,245.0,CALL,4
2026-11-20,92,250.0,CALL,11
2026-11-20,92,75.0,PUT,12
2026-11-20,92,80.0,PUT,0
2026-11-20,92,85.0,PUT,2
2026-11-20,92,90.0,PUT,3
2026-11-20,92,95.0,PUT,31
2026-11-20,92,100.0,PUT,85
2026-11-20,92,105.0,PUT,182
2026-11-20,92,110.0,PUT,279
2026-11-20,92,115.0,PUT,309
2026-11-20,92,120.0,PUT,361
2026-11-20,92,125.0,PUT,278
2026-11-20,92,130.0,PUT,75
2026-11-20,92,135.0,PUT,515
2026-11-20,92,140.0,PUT,444
2026-11-20,92,145.0,PUT,476
2026-11-20,92,150.0,PUT,1261
2026-11-20,92,155.0,PUT,305
2026-11-20,92,160.0,PUT,167
2026-11-20,92,165.0,PUT,342
2026-11-20,92,170.0,PUT,508
2026-11-20,92,175.0,PUT,3064
2026-11-20,92,180.0,PUT,128
2026-11-20,92,185.0,PUT,105
2026-11-20,92,190.0,PUT,6
2026-11-20,92,195.0,PUT,1
2026-12-18,120,65.0,CALL,52
2026-12-18,120,70.0,CALL,130
2026-12-18,120,75.0,CALL,90
2026-12-18,120,80.0,CALL,36
2026-12-18,120,90.0,CALL,2
2026-12-18,120,95.0,CALL,352
2026-12-18,120,100.0,CALL,40
2026-12-18,120,105.0,CALL,353
2026-12-18,120,110.0,CALL,360
2026-12-18,120,111.0,CALL,128
2026-12-18,120,113.0,CALL,5
2026-12-18,120,115.0,CALL,13
2026-12-18,120,116.0,CALL,1
2026-12-18,120,117.0,CALL,3
2026-12-18,120,118.0,CALL,3
2026-12-18,120,119.0,CALL,3
2026-12-18,120,120.0,CALL,1022
2026-12-18,120,121.0,CALL,225
2026-12-18,120,122.0,CALL,8
2026-12-18,120,123.0,CALL,8
2026-12-18,120,124.0,CALL,3
2026-12-18,120,125.0,CALL,9
2026-12-18,120,126.0,CALL,11
2026-12-18,120,127.0,CALL,115
2026-12-18,120,128.0,CALL,33
2026-12-18,120,129.0,CALL,159
2026-12-18,120,130.0,CALL,225
2026-12-18,120,131.0,CALL,9
2026-12-18,120,132.0,CALL,21
2026-12-18,120,133.0,CALL,119
2026-12-18,120,134.0,CALL,212
2026-12-18,120,135.0,CALL,152
2026-12-18,120,140.0,CALL,373
2026-12-18,120,145.0,CALL,265
2026-12-18,120,150.0,CALL,2363
2026-12-18,120,155.0,CALL,309
2026-12-18,120,160.0,CALL,1906
2026-12-18,120,165.0,CALL,180
2026-12-18,120,170.0,CALL,2932
2026-12-18,120,175.0,CALL,4674
2026-12-18,120,180.0,CALL,2404
2026-12-18,120,185.0,CALL,213
2026-12-18,120,190.0,CALL,574
2026-12-18,120,195.0,CALL,911
2026-12-18,120,200.0,CALL,5221
2026-12-18,120,205.0,CALL,2802
2026-12-18,120,210.0,CALL,4600
2026-12-18,120,215.0,CALL,784
2026-12-18,120,220.0,CALL,13068
2026-12-18,120,225.0,CALL,2340
2026-12-18,120,230.0,CALL,2447
2026-12-18,120,235.0,CALL,201
2026-12-18,120,240.0,CALL,1875
2026-12-18,120,245.0,CALL,154
2026-12-18,120,250.0,CALL,14487
2026-12-18,120,255.0,CALL,99
2026-12-18,120,260.0,CALL,12310
2026-12-18,120,265.0,CALL,235
2026-12-18,120,270.0,CALL,500
2026-12-18,120,275.0,CALL,426
2026-12-18,120,280.0,CALL,428
2026-12-18,120,285.0,CALL,57
2026-12-18,120,290.0,CALL,151
2026-12-18,120,295.0,CALL,57
2026-12-18,120,300.0,CALL,768
2026-12-18,120,305.0,CALL,129
2026-12-18,120,310.0,CALL,252
2026-12-18,120,315.0,CALL,165
2026-12-18,120,320.0,CALL,2315
2026-12-18,120,65.0,PUT,417
2026-12-18,120,70.0,PUT,19
2026-12-18,120,75.0,PUT,166
2026-12-18,120,80.0,PUT,98
2026-12-18,120,85.0,PUT,8
2026-12-18,120,90.0,PUT,55
2026-12-18,120,95.0,PUT,313
2026-12-18,120,100.0,PUT,3651
2026-12-18,120,105.0,PUT,210
2026-12-18,120,110.0,PUT,1151
2026-12-18,120,111.0,PUT,820
2026-12-18,120,112.0,PUT,104
2026-12-18,120,113.0,PUT,12
2026-12-18,120,114.0,PUT,6
2026-12-18,120,115.0,PUT,30
2026-12-18,120,116.0,PUT,160
2026-12-18,120,117.0,PUT,18
2026-12-18,120,118.0,PUT,183
2026-12-18,120,119.0,PUT,647
2026-12-18,120,120.0,PUT,1279
2026-12-18,120,121.0,PUT,60
2026-12-18,120,122.0,PUT,519
2026-12-18,120,123.0,PUT,2
2026-12-18,120,124.0,PUT,1321
2026-12-18,120,125.0,PUT,778
2026-12-18,120,126.0,PUT,28
2026-12-18,120,127.0,PUT,6
2026-12-18,120,128.0,PUT,99
2026-12-18,120,129.0,PUT,35
2026-12-18,120,130.0,PUT,4511
2026-12-18,120,131.0,PUT,546
2026-12-18,120,132.0,PUT,182
2026-12-18,120,133.0,PUT,18
2026-12-18,120,134.0,PUT,18
2026-12-18,120,135.0,PUT,1254
2026-12-18,120,140.0,PUT,2286
2026-12-18,120,145.0,PUT,1713
2026-12-18,120,150.0,PUT,14450
2026-12-18,120,155.0,PUT,1072
2026-12-18,120,160.0,PUT,1610
2026-12-18,120,165.0,PUT,2106
2026-12-18,120,170.0,PUT,2551
2026-12-18,120,175.0,PUT,708
2026-12-18,120,180.0,PUT,1619
2026-12-18,120,185.0,PUT,760
2026-12-18,120,190.0,PUT,115
2026-12-18,120,195.0,PUT,188
2026-12-18,120,200.0,PUT,354
2026-12-18,120,205.0,PUT,435
2026-12-18,120,210.0,PUT,158
2026-12-18,120,215.0,PUT,188
2026-12-18,120,220.0,PUT,210
2026-12-18,120,225.0,PUT,182
2026-12-18,120,230.0,PUT,75
2026-12-18,120,235.0,PUT,56
2026-12-18,120,240.0,PUT,606
2026-12-18,120,245.0,PUT,785
2026-12-18,120,250.0,PUT,218
2026-12-18,120,255.0,PUT,75
2026-12-18,120,260.0,PUT,37
2026-12-18,120,265.0,PUT,16
2026-12-18,120,270.0,PUT,9
2026-12-18,120,275.0,PUT,10
2026-12-18,120,280.0,PUT,5
2026-12-18,120,285.0,PUT,198
2026-12-18,120,290.0,PUT,265
2026-12-18,120,295.0,PUT,235
2026-12-18,120,300.0,PUT,449
2026-12-18,120,305.0,PUT,287
2026-12-18,120,310.0,PUT,237
2026-12-18,120,315.0,PUT,527
2026-12-18,120,320.0,PUT,637
2027-01-15,148,45.0,CALL,45
2027-01-15,148,50.0,CALL,81
2027-01-15,148,55.0,CALL,8
2027-01-15,148,60.0,CALL,13
2027-01-15,148,65.0,CALL,35
2027-01-15,148,66.0,CALL,26
2027-01-15,148,67.0,CALL,5
2027-01-15,148,68.0,CALL,0
2027-01-15,148,69.0,CALL,10
2027-01-15,148,70.0,CALL,19
2027-01-15,148,71.0,CALL,0
2027-01-15,148,73.0,CALL,4
2027-01-15,148,74.0,CALL,28
2027-01-15,148,75.0,CALL,73
2027-01-15,148,76.0,CALL,22
2027-01-15,148,77.0,CALL,0
2027-01-15,148,78.0,CALL,0
2027-01-15,148,79.0,CALL,10
2027-01-15,148,80.0,CALL,49
2027-01-15,148,81.0,CALL,34
2027-01-15,148,82.0,CALL,6
2027-01-15,148,83.0,CALL,6
2027-01-15,148,84.0,CALL,2
2027-01-15,148,85.0,CALL,82
2027-01-15,148,86.0,CALL,5
2027-01-15,148,87.0,CALL,0
2027-01-15,148,88.0,CALL,9
2027-01-15,148,89.0,CALL,0
2027-01-15,148,90.0,CALL,132
2027-01-15,148,95.0,CALL,429
2027-01-15,148,100.0,CALL,818
2027-01-15,148,105.0,CALL,997
2027-01-15,148,110.0,CALL,675
2027-01-15,148,115.0,CALL,2314
2027-01-15,148,120.0,CALL,575
2027-01-15,148,125.0,CALL,747
2027-01-15,148,130.0,CALL,2393
2027-01-15,148,135.0,CALL,437
2027-01-15,148,140.0,CALL,1276
2027-01-15,148,145.0,CALL,629
2027-01-15,148,150.0,CALL,3318
2027-01-15,148,155.0,CALL,1296
2027-01-15,148,160.0,CALL,2554
2027-01-15,148,162.0,CALL,98
2027-01-15,148,163.0,CALL,22
2027-01-15,148,164.0,CALL,47
2027-01-15,148,165.0,CALL,419
2027-01-15,148,166.0,CALL,6
2027-01-15,148,167.0,CALL,9
2027-01-15,148,168.0,CALL,8
2027-01-15,148,169.0,CALL,73
2027-01-15,148,170.0,CALL,2812
2027-01-15,148,171.0,CALL,65
2027-01-15,148,172.0,CALL,34
2027-01-15,148,173.0,CALL,7
2027-01-15,148,174.0,CALL,5
2027-01-15,148,175.0,CALL,416
2027-01-15,148,176.0,CALL,23
2027-01-15,148,177.0,CALL,57
2027-01-15,148,178.0,CALL,277
2027-01-15,148,179.0,CALL,13
2027-01-15,148,180.0,CALL,2095
2027-01-15,148,181.0,CALL,5050
2027-01-15,148,182.0,CALL,1
2027-01-15,148,183.0,CALL,310
2027-01-15,148,185.0,CALL,415
2027-01-15,148,186.0,CALL,117
2027-01-15,148,187.0,CALL,49
2027-01-15,148,188.0,CALL,63
2027-01-15,148,189.0,CALL,57
2027-01-15,148,190.0,CALL,4364
2027-01-15,148,191.0,CALL,200
2027-01-15,148,192.0,CALL,70
2027-01-15,148,193.0,CALL,68
2027-01-15,148,194.0,CALL,97
2027-01-15,148,195.0,CALL,374
2027-01-15,148,196.0,CALL,362
2027-01-15,148,197.0,CALL,139
2027-01-15,148,198.0,CALL,409
2027-01-15,148,200.0,CALL,12219
2027-01-15,148,205.0,CALL,5613
2027-01-15,148,210.0,CALL,4957
2027-01-15,148,215.0,CALL,3765
2027-01-15,148,220.0,CALL,922
2027-01-15,148,225.0,CALL,3733
2027-01-15,148,230.0,CALL,3202
2027-01-15,148,235.0,CALL,503
2027-01-15,148,240.0,CALL,2407
2027-01-15,148,245.0,CALL,217
2027-01-15,148,250.0,CALL,4717
2027-01-15,148,255.0,CALL,90
2027-01-15,148,260.0,CALL,1023
2027-01-15,148,265.0,CALL,401
2027-01-15,148,270.0,CALL,863
2027-01-15,148,275.0,CALL,2162
2027-01-15,148,280.0,CALL,299
2027-01-15,148,285.0,CALL,14
2027-01-15,148,290.0,CALL,48
2027-01-15,148,295.0,CALL,4777
2027-01-15,148,300.0,CALL,383
2027-01-15,148,305.0,CALL,447
2027-01-15,148,310.0,CALL,1011
2027-01-15,148,315.0,CALL,278
2027-01-15,148,320.0,CALL,2334
2027-01-15,148,45.0,PUT,2573
2027-01-15,148,50.0,PUT,712
2027-01-15,148,55.0,PUT,87
2027-01-15,148,60.0,PUT,64
2027-01-15,148,65.0,PUT,87
2027-01-15,148,66.0,PUT,35
2027-01-15,148,67.0,PUT,0
2027-01-15,148,68.0,PUT,53
2027-01-15,148,69.0,PUT,6
2027-01-15,148,70.0,PUT,94
2027-01-15,148,71.0,PUT,4
2027-01-15,148,72.0,PUT,15
2027-01-15,148,73.0,PUT,3
2027-01-15,148,74.0,PUT,2
2027-01-15,148,75.0,PUT,1230
2027-01-15,148,76.0,PUT,2
2027-01-15,148,77.0,PUT,8
2027-01-15,148,78.0,PUT,10
2027-01-15,148,79.0,PUT,6
2027-01-15,148,80.0,PUT,1349
2027-01-15,148,81.0,PUT,17
2027-01-15,148,82.0,PUT,4
2027-01-15,148,83.0,PUT,505
2027-01-15,148,84.0,PUT,96
2027-01-15,148,85.0,PUT,378
2027-01-15,148,86.0,PUT,804
2027-01-15,148,87.0,PUT,513
2027-01-15,148,88.0,PUT,29
2027-01-15,148,89.0,PUT,12
2027-01-15,148,90.0,PUT,19808
2027-01-15,148,95.0,PUT,655
2027-01-15,148,100.0,PUT,6666
2027-01-15,148,105.0,PUT,3093
2027-01-15,148,110.0,PUT,8129
2027-01-15,148,115.0,PUT,1274
2027-01-15,148,120.0,PUT,2738
2027-01-15,148,125.0,PUT,3924
2027-01-15,148,130.0,PUT,2069
2027-01-15,148,135.0,PUT,676
2027-01-15,148,140.0,PUT,3368
2027-01-15,148,145.0,PUT,552
2027-01-15,148,150.0,PUT,9998
2027-01-15,148,155.0,PUT,2269
2027-01-15,148,160.0,PUT,235
2027-01-15,148,162.0,PUT,202
2027-01-15,148,163.0,PUT,40
2027-01-15,148,164.0,PUT,69
2027-01-15,148,165.0,PUT,686
2027-01-15,148,166.0,PUT,140
2027-01-15,148,167.0,PUT,94
2027-01-15,148,168.0,PUT,44
2027-01-15,148,169.0,PUT,104
2027-01-15,148,170.0,PUT,5690
2027-01-15,148,171.0,PUT,34
2027-01-15,148,172.0,PUT,9
2027-01-15,148,173.0,PUT,4
2027-01-15,148,174.0,PUT,36
2027-01-15,148,175.0,PUT,100
2027-01-15,148,176.0,PUT,81
2027-01-15,148,177.0,PUT,17
2027-01-15,148,178.0,PUT,420
2027-01-15,148,179.0,PUT,146
2027-01-15,148,180.0,PUT,3056
2027-01-15,148,181.0,PUT,4
2027-01-15,148,182.0,PUT,33
2027-01-15,148,183.0,PUT,4
2027-01-15,148,184.0,PUT,23
2027-01-15,148,185.0,PUT,260
2027-01-15,148,186.0,PUT,53
2027-01-15,148,187.0,PUT,182
2027-01-15,148,188.0,PUT,402
2027-01-15,148,189.0,PUT,48
2027-01-15,148,190.0,PUT,3006
2027-01-15,148,191.0,PUT,6
2027-01-15,148,192.0,PUT,74
2027-01-15,148,194.0,PUT,8
2027-01-15,148,195.0,PUT,193
2027-01-15,148,196.0,PUT,1
2027-01-15,148,197.0,PUT,7
2027-01-15,148,198.0,PUT,392
2027-01-15,148,200.0,PUT,1425
2027-01-15,148,205.0,PUT,738
2027-01-15,148,210.0,PUT,548
2027-01-15,148,215.0,PUT,1139
2027-01-15,148,220.0,PUT,370
2027-01-15,148,225.0,PUT,120
2027-01-15,148,230.0,PUT,183
2027-01-15,148,235.0,PUT,253
2027-01-15,148,240.0,PUT,1414
2027-01-15,148,245.0,PUT,4222
2027-01-15,148,250.0,PUT,324
2027-01-15,148,255.0,PUT,76
2027-01-15,148,260.0,PUT,325
2027-01-15,148,265.0,PUT,43
2027-01-15,148,270.0,PUT,452
2027-01-15,148,275.0,PUT,39
2027-01-15,148,280.0,PUT,251
2027-01-15,148,285.0,PUT,112
2027-01-15,148,290.0,PUT,290
2027-01-15,148,295.0,PUT,19
2027-01-15,148,300.0,PUT,144
2027-01-15,148,305.0,PUT,46
2027-01-15,148,310.0,PUT,28
2027-01-15,148,315.0,PUT,74
2027-01-15,148,320.0,PUT,261
